{
    "deviceId": "D206172",
    "deviceName": "bsm01",
    "tStamp": "12:05:35 25/10/2019",
    "ipAddress": "192.168.101.10",
    "power": {
        "rphvol": "230.65",
        "yphvol": "220.75",
        "bphvol": "240.65",
        "rphcu": "1.2",
        "yphcu": "1.1",
        "bphcu": "0.9",
        "necu": "0.2",
        "phrpwr": "2.40",
        "phrpwrfun": "2.56",
        "phrepwr": "7.89",
        "ph3pwr": "4.56",
        "freq": "50.00",
        "rphpf": "1.00",
        "yphpf": "0.09",
        "bphpf": "1.00",
        "avgpf": "1.00",
        "rphang": "360.00",
        "yphang": "279.80",
        "bphang": "340.75",
        "avgvol": "256.78"
    },
    "energy": {
        "actexp": "0",
        "actimpfun": "0",
        "actexpfun": "0",
        "q1": "0",
        "q4": "0",
        "q2": "0",
        "q3": "0",
        "apactimp": "0",
        "Apactexp": "0",
        "actimp": "0",
        "netrec": "0",
        "netapp": "0",
        "actfwdABS": "22.50",
        "apfwdABS": "125.10",
        "relagfwdABS": "255.12",
        "releadfwdABS": "125.10"
    }
}